,availability_365
0,False
1,False
2,False
3,False
4,False
5,True
6,False
7,False
8,True
9,True
10,False
11,True
12,False
13,False
14,False
15,True
16,False
17,False
18,False
19,True
20,True
21,False
22,False
23,False
24,True
25,False
26,True
27,False
28,False
29,True
30,False
31,True
32,True
33,False
34,False
35,False
36,True
37,False
38,False
39,True
40,False
41,False
42,True
43,False
44,False
45,False
46,False
47,True
48,False
49,False
50,True
51,True
52,True
53,True
54,True
55,False
56,False
57,True
58,True
59,True
60,False
61,False
62,False
63,False
64,False
65,False
66,True
67,True
68,False
69,False
70,False
71,False
72,False
73,False
74,False
75,False
76,False
77,False
78,True
79,False
80,False
81,False
82,True
83,True
84,True
85,False
86,True
87,True
88,True
89,True
90,False
91,False
92,False
93,True
94,False
95,False
96,True
97,True
98,False
99,True
100,False
101,False
102,True
103,False
104,False
105,False
106,False
107,False
108,True
109,False
110,False
111,True
112,False
113,False
114,False
115,True
116,True
117,False
118,True
119,False
120,True
121,True
122,False
123,True
124,False
125,True
126,False
127,True
128,False
129,False
130,False
131,False
132,False
133,False
134,False
135,False
136,False
137,True
138,False
139,True
140,False
141,False
142,False
143,False
144,True
145,True
146,True
147,True
148,False
149,False
150,False
151,False
152,False
153,False
154,False
155,True
156,False
157,True
158,False
159,False
160,False
161,False
162,False
163,False
164,True
165,True
166,False
167,False
168,False
169,False
170,False
171,False
172,True
173,False
174,False
175,False
176,False
177,False
178,True
179,False
180,True
181,False
182,True
183,False
184,False
185,False
186,True
187,True
188,False
189,False
190,False
191,False
192,True
193,True
194,False
195,False
196,False
197,False
198,False
199,True
200,False
201,True
202,True
203,False
204,True
205,False
206,False
207,False
208,False
209,False
210,False
211,True
212,True
213,False
214,True
215,False
216,False
217,False
218,False
219,True
220,False
221,True
222,True
223,True
224,True
225,False
226,True
227,False
228,False
229,False
230,False
231,True
232,True
233,False
234,False
235,True
236,False
237,False
238,False
239,False
240,True
241,False
242,False
243,False
244,False
245,False
246,False
247,True
248,True
249,True
250,False
251,False
252,False
253,False
254,True
255,False
256,False
257,False
258,False
259,True
260,False
261,True
262,False
263,True
264,False
265,False
266,False
267,False
268,False
269,False
270,True
271,False
272,False
273,False
274,False
275,True
276,False
277,False
278,False
279,True
280,False
281,False
282,True
283,False
284,False
285,True
286,True
287,False
288,False
289,False
290,True
291,False
292,True
293,False
294,False
295,True
296,False
297,False
298,False
299,True
300,False
301,True
302,True
303,True
304,False
305,False
306,True
307,False
308,False
309,True
310,False
311,False
312,False
313,False
314,False
315,False
316,False
317,False
318,True
319,True
320,True
321,True
322,False
323,True
324,False
325,True
326,False
327,False
328,False
329,False
330,False
331,False
332,True
333,False
334,False
335,True
336,True
337,False
338,True
339,False
340,False
341,False
342,True
343,False
344,False
345,True
346,False
347,False
348,True
349,False
350,False
351,False
352,False
353,False
354,True
355,False
356,True
357,True
358,False
359,False
360,False
361,True
362,True
363,True
364,False
365,False
366,True
367,False
368,False
369,False
370,False
371,False
372,False
373,False
374,True
375,False
376,True
377,False
378,True
379,True
380,True
381,True
382,True
383,False
384,True
385,True
386,False
387,True
388,True
389,False
390,True
391,False
392,False
393,True
394,False
395,False
396,False
397,True
398,True
399,False
400,False
401,True
402,False
403,False
404,True
405,False
406,True
407,True
408,False
409,False
410,False
411,False
412,False
413,True
414,False
415,False
416,False
417,False
418,False
419,False
420,False
421,False
422,True
423,False
424,True
425,False
426,False
427,True
428,True
429,True
430,True
431,False
432,True
433,True
434,False
435,False
436,True
437,False
438,True
439,False
440,False
441,True
442,False
443,False
444,False
445,False
446,False
447,False
448,False
449,True
450,True
451,False
452,True
453,True
454,True
455,True
456,True
457,True
458,False
459,False
460,False
461,False
462,False
463,True
464,False
465,False
466,True
467,False
468,True
469,False
470,False
471,False
472,False
473,False
474,True
475,False
476,False
477,True
478,True
479,True
480,False
481,True
482,False
483,False
484,True
485,True
486,True
487,True
488,True
489,False
490,False
491,True
492,True
493,True
494,True
495,False
496,True
497,True
498,True
499,False
500,True
501,False
502,True
503,False
504,False
505,True
506,True
507,True
508,False
509,True
510,True
511,False
512,False
513,False
514,True
515,False
516,False
517,False
518,False
519,False
520,False
521,True
522,False
523,False
524,True
525,True
526,True
527,True
528,True
529,False
530,False
531,True
532,True
533,True
534,True
535,True
536,False
537,False
538,False
539,False
540,True
541,False
542,True
543,True
544,False
545,True
546,False
547,True
548,False
549,True
550,True
551,False
552,False
553,False
554,False
555,False
556,False
557,True
558,False
559,False
560,False
561,True
562,False
563,False
564,False
565,False
566,True
567,False
568,True
569,False
570,True
571,False
572,True
573,False
574,False
575,True
576,False
577,False
578,False
579,True
580,True
581,False
582,False
583,False
584,True
585,False
586,False
587,False
588,False
589,False
590,True
591,True
592,True
593,True
594,True
595,False
596,False
597,True
598,True
599,False
600,True
601,True
602,False
603,False
604,True
605,False
606,True
607,True
608,False
609,False
610,False
611,False
612,True
613,True
614,True
615,False
616,True
617,False
618,True
619,True
620,True
621,False
622,True
623,True
624,True
625,False
626,True
627,True
628,True
629,False
630,False
631,False
632,False
633,False
634,True
635,False
636,False
637,False
638,False
639,False
640,False
641,True
642,False
643,False
644,False
645,False
646,False
647,False
648,True
649,False
650,True
651,False
652,False
653,False
654,False
655,False
656,False
657,False
658,True
659,False
660,False
661,True
662,True
663,False
664,False
665,True
666,False
667,False
668,False
669,True
670,False
671,False
672,False
673,False
674,True
675,False
676,False
677,False
678,False
679,False
680,False
681,True
682,True
683,False
684,False
685,True
686,False
687,True
688,False
689,True
690,True
691,True
692,False
693,True
694,True
695,False
696,True
697,False
698,False
699,False
700,True
701,True
702,False
703,True
704,False
705,False
706,False
707,False
708,True
709,False
710,True
711,False
712,True
713,False
714,True
715,False
716,False
717,True
718,True
719,True
720,True
721,True
722,True
723,True
724,False
725,True
726,True
727,False
728,False
729,True
730,True
731,True
732,False
733,True
734,False
735,True
736,False
737,True
738,True
739,False
740,True
741,True
742,True
743,True
744,True
745,False
746,False
747,False
748,False
749,True
750,False
751,True
752,True
753,False
754,True
755,False
756,True
757,True
758,True
759,True
760,False
761,False
762,False
763,False
764,False
765,True
766,True
767,False
768,True
769,True
770,True
771,False
772,True
773,True
774,False
775,False
776,True
777,False
778,True
779,True
780,False
781,False
782,False
783,False
784,False
785,False
786,False
787,False
788,False
789,False
790,True
791,True
792,False
793,False
794,False
795,False
796,False
797,True
798,False
799,True
800,True
801,True
802,False
803,False
804,True
805,False
806,False
807,False
808,False
809,False
810,False
811,False
812,False
813,True
814,False
815,True
816,False
817,True
818,False
819,False
820,False
821,False
822,True
823,True
824,False
825,True
826,False
827,True
828,False
829,True
830,False
831,False
832,False
833,False
834,False
835,False
836,False
837,False
838,False
839,False
840,False
841,False
842,True
843,False
844,False
845,True
846,True
847,True
848,False
849,True
850,True
851,True
852,True
853,False
854,False
855,False
856,True
857,True
858,False
859,True
860,False
861,False
862,False
863,True
864,False
865,False
866,False
867,False
868,False
869,False
870,True
871,True
872,False
873,True
874,True
875,False
876,True
877,True
878,False
879,True
880,True
881,False
882,False
883,False
884,True
885,False
886,True
887,False
888,False
889,False
890,True
891,True
892,False
893,False
894,True
895,True
896,False
897,False
898,False
899,False
900,False
901,False
902,True
903,True
904,True
905,True
906,True
907,True
908,False
909,False
910,False
911,True
912,True
913,False
914,True
915,True
916,True
917,False
918,True
919,False
920,False
921,True
922,False
923,False
924,True
925,True
926,True
927,True
928,True
929,False
930,True
931,True
932,True
933,True
934,False
935,False
936,False
937,True
938,False
939,True
940,True
941,False
942,False
943,False
944,False
945,True
946,False
947,False
948,True
949,False
950,False
951,False
952,False
953,True
954,True
955,False
956,False
957,True
958,True
959,True
960,True
961,True
962,True
963,False
964,True
965,False
966,True
967,True
968,True
969,True
970,True
971,False
972,False
973,True
974,False
975,True
976,False
977,True
978,False
979,True
980,True
981,True
982,False
983,False
984,True
985,True
986,False
987,True
988,False
989,False
990,True
991,True
992,False
993,False
994,True
995,True
996,True
997,False
998,False
999,True
1000,True
1001,True
1002,True
1003,True
1004,True
1005,True
1006,False
1007,False
1008,False
1009,True
1010,True
1011,True
1012,True
1013,False
1014,False
1015,False
1016,False
1017,True
1018,True
1019,True
1020,True
1021,True
1022,False
1023,False
1024,False
1025,False
1026,True
1027,False
1028,True
1029,False
1030,True
1031,True
1032,True
1033,True
1034,True
1035,True
1036,True
1037,True
1038,True
1039,False
1040,True
1041,False
1042,True
1043,False
1044,True
1045,False
1046,True
1047,True
1048,True
1049,False
1050,False
1051,True
1052,False
1053,True
1054,False
1055,False
1056,False
1057,False
1058,False
1059,False
1060,True
1061,False
1062,False
1063,False
1064,False
1065,False
1066,False
1067,True
1068,False
1069,False
1070,True
1071,False
1072,False
1073,True
1074,False
1075,False
1076,True
1077,True
1078,False
1079,False
1080,True
1081,False
1082,True
1083,True
1084,False
1085,False
1086,True
1087,True
1088,True
1089,True
1090,False
1091,False
1092,True
1093,True
1094,True
1095,True
1096,False
1097,False
1098,False
1099,False
1100,True
1101,False
1102,True
1103,False
1104,False
1105,False
1106,True
1107,False
1108,True
1109,True
1110,False
1111,False
1112,False
1113,True
1114,True
1115,True
1116,False
1117,True
1118,False
1119,False
1120,True
1121,True
1122,False
1123,False
1124,False
1125,False
1126,False
1127,False
1128,False
1129,False
1130,False
1131,True
1132,False
1133,True
1134,False
1135,True
1136,True
1137,True
1138,True
1139,True
1140,False
1141,False
1142,False
1143,False
1144,False
1145,False
1146,True
1147,False
1148,False
1149,False
1150,True
1151,False
1152,True
1153,False
1154,False
1155,True
1156,False
1157,True
1158,True
1159,True
1160,True
1161,True
1162,False
1163,False
1164,False
1165,True
1166,False
1167,False
1168,False
1169,False
1170,False
1171,False
1172,True
1173,True
1174,False
1175,True
1176,True
1177,False
1178,False
1179,False
1180,True
1181,False
1182,True
1183,True
1184,True
1185,False
1186,True
1187,False
1188,False
1189,True
1190,False
1191,False
1192,True
1193,True
1194,True
1195,True
1196,True
1197,True
1198,False
1199,True
1200,False
1201,True
1202,False
1203,True
1204,False
1205,False
1206,False
1207,True
1208,True
1209,False
1210,False
1211,False
1212,False
1213,True
1214,True
1215,False
1216,False
1217,False
1218,True
1219,False
1220,True
1221,False
1222,False
1223,False
1224,False
1225,True
1226,False
1227,True
1228,True
1229,True
1230,True
1231,False
1232,True
1233,False
1234,False
1235,False
1236,False
1237,True
1238,True
1239,True
1240,False
1241,True
1242,True
1243,True
1244,True
1245,True
1246,True
1247,False
1248,False
1249,True
1250,True
1251,False
1252,False
1253,True
1254,False
1255,True
1256,True
1257,True
1258,False
1259,False
1260,False
1261,False
1262,False
1263,False
1264,False
1265,True
1266,True
1267,False
1268,True
1269,True
1270,False
1271,False
1272,True
1273,True
1274,True
1275,False
1276,False
1277,False
1278,True
1279,True
1280,False
1281,True
1282,True
1283,False
1284,False
1285,True
1286,False
1287,True
1288,False
1289,False
1290,False
1291,True
1292,True
1293,True
1294,False
1295,True
1296,False
1297,False
1298,True
1299,False
1300,True
1301,True
1302,True
1303,False
1304,False
1305,True
1306,False
1307,True
1308,False
1309,True
1310,False
1311,True
1312,True
1313,False
1314,True
1315,False
1316,True
1317,True
1318,True
1319,False
1320,True
1321,True
1322,False
1323,True
1324,True
1325,False
1326,True
1327,True
1328,False
1329,True
1330,True
1331,False
1332,False
1333,False
1334,True
1335,True
1336,False
1337,True
1338,True
1339,False
1340,False
1341,False
1342,True
1343,True
1344,False
1345,False
1346,True
1347,False
1348,True
1349,False
1350,False
1351,False
1352,False
1353,False
1354,False
1355,False
1356,True
1357,False
1358,False
1359,True
1360,False
1361,False
1362,False
1363,False
1364,False
1365,True
1366,True
1367,True
1368,True
1369,False
1370,False
1371,False
1372,False
1373,False
1374,True
1375,False
1376,True
1377,False
1378,False
1379,True
1380,False
1381,True
1382,True
1383,True
1384,False
1385,False
1386,False
1387,False
1388,False
1389,False
1390,True
1391,False
1392,False
1393,False
1394,True
1395,False
1396,True
1397,False
1398,False
1399,True
1400,False
1401,False
1402,False
1403,False
1404,False
1405,False
1406,False
1407,True
1408,False
1409,False
1410,True
1411,True
1412,False
1413,True
1414,True
1415,False
1416,False
1417,False
1418,True
1419,True
1420,True
1421,False
1422,False
1423,False
1424,False
1425,False
1426,False
1427,False
1428,True
1429,False
1430,False
1431,False
1432,False
1433,True
1434,False
1435,False
1436,True
1437,False
1438,False
1439,True
1440,True
1441,True
1442,True
1443,False
1444,False
1445,False
1446,True
1447,True
1448,False
1449,False
1450,True
1451,False
1452,False
1453,True
1454,False
1455,False
1456,False
1457,False
1458,True
1459,False
1460,True
1461,False
1462,True
1463,True
1464,True
1465,False
1466,False
1467,False
1468,True
1469,False
1470,True
1471,False
1472,False
1473,False
1474,False
1475,False
1476,True
1477,False
1478,False
1479,False
1480,False
1481,True
1482,False
1483,True
1484,False
1485,True
1486,True
1487,False
1488,False
1489,False
1490,False
1491,True
1492,False
1493,True
1494,True
1495,True
1496,True
1497,True
1498,False
1499,True
1500,True
1501,True
1502,False
1503,True
1504,False
1505,True
1506,True
1507,True
1508,False
1509,False
1510,True
1511,True
1512,False
1513,True
1514,False
1515,False
1516,True
1517,True
1518,False
1519,False
1520,False
1521,True
1522,False
1523,False
1524,True
1525,True
1526,False
1527,False
1528,True
1529,True
1530,False
1531,False
1532,True
1533,False
1534,False
1535,True
1536,True
1537,True
1538,False
1539,True
1540,False
1541,True
1542,False
1543,True
1544,True
1545,True
1546,False
1547,False
1548,False
1549,False
1550,False
1551,False
1552,False
1553,False
1554,False
1555,False
1556,False
1557,True
1558,True
1559,True
1560,False
1561,False
1562,False
1563,False
1564,False
1565,False
1566,True
1567,False
1568,False
1569,True
1570,False
1571,True
1572,False
1573,False
1574,False
1575,False
1576,True
1577,True
1578,False
1579,False
1580,False
1581,False
1582,True
1583,True
1584,False
1585,False
1586,False
1587,True
1588,True
1589,True
1590,True
1591,True
1592,True
1593,True
1594,True
1595,False
1596,True
1597,True
1598,True
1599,True
1600,True
1601,False
1602,True
1603,True
1604,False
1605,False
1606,True
1607,True
1608,False
1609,True
1610,True
1611,True
1612,True
1613,True
1614,False
1615,True
1616,False
1617,False
1618,False
1619,True
1620,False
1621,True
1622,True
1623,False
1624,True
1625,False
1626,False
1627,False
1628,False
1629,False
1630,False
1631,False
1632,True
1633,False
1634,True
1635,False
1636,False
1637,False
1638,False
1639,True
1640,False
1641,False
1642,True
1643,False
1644,True
1645,True
1646,False
1647,False
1648,False
1649,False
1650,True
1651,False
1652,False
1653,True
1654,False
1655,True
1656,False
1657,False
1658,True
1659,False
1660,False
1661,False
1662,True
1663,True
1664,True
1665,False
1666,True
1667,True
1668,True
1669,True
1670,False
1671,True
1672,False
1673,True
1674,True
1675,True
1676,True
1677,False
1678,True
1679,False
1680,True
1681,True
1682,True
1683,False
1684,True
1685,False
1686,True
1687,True
1688,True
1689,False
1690,True
1691,False
1692,True
1693,False
1694,True
1695,False
1696,False
1697,False
1698,False
1699,True
1700,True
1701,False
1702,False
1703,False
1704,False
1705,True
1706,False
1707,True
1708,False
1709,False
1710,True
1711,False
1712,False
1713,True
1714,True
1715,True
1716,False
1717,False
1718,False
1719,True
1720,False
1721,True
1722,False
1723,False
1724,True
1725,True
1726,True
1727,True
1728,False
1729,True
1730,False
1731,False
1732,False
1733,True
1734,False
1735,False
1736,True
1737,True
1738,False
1739,True
1740,False
1741,False
1742,False
1743,True
1744,False
1745,False
1746,False
1747,True
1748,False
1749,False
1750,True
1751,False
1752,False
1753,True
1754,True
1755,True
1756,True
1757,True
1758,False
1759,False
1760,True
1761,True
1762,True
1763,False
1764,True
1765,True
1766,False
1767,True
1768,True
1769,True
1770,False
1771,False
1772,True
1773,True
1774,False
1775,False
1776,False
1777,False
1778,True
1779,True
1780,False
1781,False
1782,False
1783,False
1784,False
1785,False
1786,True
1787,False
1788,True
1789,False
1790,False
1791,False
1792,True
1793,False
1794,False
1795,True
1796,False
1797,False
1798,True
1799,False
1800,True
1801,False
1802,False
1803,False
1804,True
1805,False
1806,False
1807,False
1808,True
1809,False
1810,False
1811,False
1812,False
1813,True
1814,False
1815,True
1816,False
1817,True
1818,True
1819,True
1820,True
1821,True
1822,False
1823,True
1824,False
1825,False
1826,True
1827,True
1828,False
1829,True
1830,True
1831,True
1832,True
1833,True
1834,False
1835,False
1836,False
1837,False
1838,True
1839,False
1840,True
1841,False
1842,True
1843,False
1844,False
1845,True
1846,True
1847,True
1848,False
1849,True
1850,True
1851,False
1852,True
1853,False
1854,True
1855,True
1856,False
1857,False
1858,False
1859,True
1860,False
1861,False
1862,True
1863,True
1864,True
1865,False
1866,True
1867,True
1868,False
1869,True
1870,False
1871,False
1872,True
1873,False
1874,True
1875,True
1876,True
1877,True
1878,False
1879,False
1880,False
1881,False
1882,True
1883,True
1884,True
1885,False
1886,True
1887,False
1888,True
1889,True
1890,False
1891,True
1892,True
1893,True
1894,False
1895,False
1896,False
1897,False
1898,False
1899,True
1900,True
1901,True
1902,True
1903,True
1904,True
1905,False
1906,False
1907,True
1908,True
1909,True
1910,False
1911,True
1912,True
1913,False
1914,False
1915,False
1916,False
1917,True
1918,True
1919,True
1920,True
1921,True
1922,False
1923,True
1924,True
1925,False
1926,True
1927,False
1928,True
1929,False
1930,False
1931,False
1932,False
1933,True
1934,True
1935,True
1936,True
1937,False
1938,False
1939,False
1940,False
1941,False
1942,False
1943,False
1944,False
1945,False
1946,False
1947,True
1948,False
1949,True
1950,True
1951,True
1952,True
1953,False
1954,False
1955,True
1956,False
1957,False
1958,False
1959,False
1960,False
1961,False
1962,True
1963,True
1964,True
1965,False
1966,True
1967,False
1968,True
1969,False
1970,False
1971,False
1972,True
1973,True
1974,False
1975,False
1976,False
1977,False
1978,False
1979,False
1980,True
1981,False
1982,False
1983,True
1984,True
1985,True
1986,True
1987,True
1988,False
1989,True
1990,True
1991,False
1992,True
1993,True
1994,True
1995,False
1996,False
1997,False
1998,False
1999,False
2000,False
2001,False
2002,False
2003,False
2004,True
2005,False
2006,False
2007,False
2008,True
2009,False
2010,True
2011,True
2012,False
2013,False
2014,False
2015,False
2016,True
2017,True
2018,False
2019,True
2020,True
2021,False
2022,True
2023,True
2024,True
2025,False
2026,True
2027,False
2028,False
2029,False
2030,True
2031,False
2032,False
2033,False
2034,True
2035,False
2036,False
2037,True
2038,False
2039,False
2040,False
2041,False
2042,True
2043,False
2044,False
2045,True
2046,True
2047,False
2048,False
2049,False
2050,True
2051,True
2052,False
2053,False
2054,False
2055,True
2056,True
2057,True
2058,False
2059,False
2060,False
2061,True
2062,False
2063,False
2064,True
2065,False
2066,True
2067,True
2068,True
2069,False
2070,True
2071,True
2072,True
2073,False
2074,False
2075,False
2076,False
2077,True
2078,True
2079,True
2080,True
2081,True
2082,False
2083,True
2084,False
2085,False
2086,False
2087,False
2088,False
2089,False
2090,False
2091,False
2092,False
2093,False
2094,True
2095,False
2096,False
2097,False
2098,True
2099,False
2100,False
2101,False
2102,True
2103,False
2104,True
2105,False
2106,False
2107,True
2108,True
2109,False
2110,True
2111,False
2112,False
2113,True
2114,False
2115,False
2116,True
2117,True
2118,False
2119,False
2120,True
2121,False
2122,True
2123,False
2124,False
2125,False
2126,True
2127,False
2128,False
2129,True
2130,True
2131,True
2132,True
2133,True
2134,True
2135,False
2136,False
2137,False
2138,False
2139,False
2140,False
2141,False
2142,False
2143,False
2144,False
2145,False
2146,False
2147,True
2148,True
2149,False
2150,False
2151,False
2152,False
2153,True
2154,False
2155,False
2156,False
2157,True
2158,False
2159,False
2160,False
2161,False
2162,True
2163,False
2164,True
2165,True
2166,True
2167,False
2168,False
2169,False
2170,False
2171,False
2172,True
2173,True
2174,False
2175,True
2176,True
2177,False
2178,False
2179,False
2180,False
2181,True
2182,True
2183,False
2184,False
2185,True
2186,True
2187,False
2188,True
2189,True
2190,False
2191,True
2192,False
2193,False
2194,True
2195,False
2196,False
2197,True
2198,True
2199,True
2200,False
2201,True
2202,False
2203,True
2204,False
2205,True
2206,False
2207,False
2208,False
2209,False
2210,True
2211,False
2212,False
2213,False
2214,False
2215,False
2216,True
2217,False
2218,True
2219,False
2220,False
2221,True
2222,True
2223,False
2224,False
2225,False
2226,False
2227,False
2228,False
2229,False
2230,False
2231,False
2232,False
2233,False
2234,False
2235,False
2236,False
2237,False
2238,False
2239,False
2240,False
2241,False
2242,False
2243,False
2244,False
2245,True
2246,False
2247,False
2248,False
2249,False
2250,False
2251,False
2252,False
2253,False
2254,False
2255,False
2256,False
2257,False
2258,True
2259,True
2260,False
2261,True
2262,True
2263,True
2264,False
2265,False
2266,False
2267,False
2268,False
2269,False
2270,False
2271,False
2272,False
2273,False
2274,True
2275,False
2276,True
2277,False
2278,False
2279,False
2280,False
2281,False
2282,False
2283,False
2284,False
2285,False
2286,False
2287,False
2288,False
2289,False
2290,False
2291,False
2292,False
2293,False
2294,False
2295,False
2296,False
2297,False
2298,False
2299,False
2300,False
2301,False
2302,False
2303,False
2304,False
2305,False
2306,False
2307,False
2308,False
2309,False
2310,False
2311,False
2312,False
2313,False
2314,True
2315,False
2316,False
2317,False
2318,False
2319,False
2320,False
2321,False
2322,True
2323,True
2324,False
2325,True
2326,True
2327,True
2328,False
2329,False
2330,False
2331,False
2332,True
2333,True
2334,True
2335,True
2336,True
2337,False
2338,False
2339,True
2340,True
2341,True
2342,True
2343,False
2344,True
2345,True
2346,True
2347,False
2348,True
2349,False
2350,True
2351,True
2352,False
2353,False
2354,True
2355,False
2356,False
2357,False
2358,False
2359,False
2360,True
2361,True
2362,False
2363,False
2364,False
2365,False
2366,False
2367,False
2368,True
2369,True
2370,False
2371,False
2372,True
2373,False
2374,True
2375,False
2376,False
2377,True
2378,False
2379,True
2380,False
2381,False
2382,True
2383,False
2384,False
2385,False
2386,True
2387,True
2388,False
2389,True
2390,False
2391,True
2392,False
2393,True
2394,True
2395,True
2396,False
2397,True
2398,False
2399,True
2400,True
2401,False
2402,False
2403,False
2404,True
2405,False
2406,True
2407,True
2408,True
2409,True
2410,False
2411,False
2412,False
2413,False
2414,True
2415,False
2416,False
2417,False
2418,False
2419,False
2420,False
2421,True
2422,False
2423,False
2424,False
2425,True
2426,False
2427,False
2428,False
2429,False
2430,False
2431,True
2432,False
2433,True
2434,False
2435,True
2436,False
2437,True
2438,False
2439,False
2440,False
2441,False
2442,True
2443,True
2444,True
2445,False
2446,True
2447,False
2448,False
2449,True
2450,True
2451,False
2452,False
2453,False
2454,True
2455,False
2456,True
2457,True
2458,False
2459,False
2460,True
2461,False
2462,False
2463,True
2464,False
2465,False
2466,False
2467,True
2468,False
2469,True
2470,False
2471,False
2472,True
2473,True
2474,True
2475,True
2476,True
2477,True
2478,False
2479,False
2480,True
2481,True
2482,False
2483,False
2484,True
2485,False
2486,True
2487,False
2488,True
2489,False
2490,False
2491,False
2492,False
2493,False
2494,True
2495,False
2496,False
2497,True
2498,False
2499,False
2500,True
2501,True
2502,False
2503,True
2504,False
2505,True
2506,True
2507,True
2508,True
2509,False
2510,False
2511,False
2512,False
2513,True
2514,True
2515,False
2516,False
2517,True
2518,False
2519,False
2520,True
2521,True
2522,True
2523,False
2524,True
2525,False
2526,False
2527,False
2528,False
2529,True
2530,True
2531,True
2532,True
2533,True
2534,True
2535,True
2536,True
2537,True
2538,True
2539,True
2540,True
2541,True
2542,False
2543,False
2544,False
2545,False
2546,False
2547,True
2548,False
2549,False
2550,False
2551,True
2552,True
2553,True
2554,True
2555,False
2556,True
2557,True
2558,True
2559,True
2560,True
2561,True
2562,True
2563,False
2564,False
2565,True
2566,True
2567,False
2568,False
2569,False
2570,True
2571,False
2572,False
2573,True
2574,False
2575,False
2576,False
2577,False
2578,False
2579,False
2580,False
2581,True
2582,False
2583,False
2584,False
2585,True
2586,True
2587,True
2588,True
2589,False
2590,True
2591,False
2592,False
2593,False
2594,True
2595,True
2596,True
2597,True
2598,True
2599,False
2600,False
2601,False
2602,True
2603,False
2604,True
2605,False
2606,False
2607,False
2608,True
2609,False
2610,False
2611,False
2612,False
2613,False
2614,False
2615,True
2616,False
2617,False
2618,True
2619,False
2620,True
2621,True
2622,False
2623,False
2624,True
2625,True
2626,False
2627,True
2628,False
2629,False
2630,False
2631,False
2632,False
2633,False
2634,True
2635,True
2636,False
2637,False
2638,True
2639,False
2640,False
2641,False
2642,False
2643,True
2644,False
2645,True
2646,False
2647,False
2648,False
2649,True
2650,True
2651,True
2652,True
2653,True
2654,True
2655,False
2656,False
2657,True
2658,True
2659,False
2660,False
2661,True
2662,False
2663,False
2664,True
2665,True
2666,True
2667,True
2668,False
2669,True
2670,True
2671,False
2672,False
2673,True
2674,False
2675,False
2676,False
2677,True
2678,False
2679,False
2680,False
2681,False
2682,True
2683,True
2684,True
2685,True
2686,False
2687,False
2688,False
2689,False
2690,False
2691,True
2692,False
2693,False
2694,True
2695,True
2696,True
2697,True
2698,True
2699,True
2700,True
2701,True
2702,True
2703,False
2704,True
2705,True
2706,False
2707,True
2708,True
2709,False
2710,True
2711,False
2712,True
2713,True
2714,True
2715,True
2716,True
2717,True
2718,False
2719,True
2720,False
2721,False
2722,True
2723,True
2724,False
2725,False
2726,True
2727,True
2728,True
2729,False
2730,True
2731,True
2732,True
2733,True
2734,False
2735,False
2736,False
2737,False
2738,True
2739,False
2740,False
2741,False
2742,True
2743,True
2744,True
2745,True
2746,True
2747,True
2748,True
2749,True
2750,True
2751,True
2752,True
2753,False
2754,True
2755,True
2756,False
2757,False
2758,True
2759,True
2760,False
2761,True
2762,True
2763,False
2764,True
2765,False
2766,True
2767,False
2768,True
2769,True
2770,True
2771,True
2772,True
2773,True
2774,False
2775,False
2776,False
2777,False
2778,True
2779,True
2780,False
2781,True
2782,False
2783,False
2784,False
2785,False
2786,False
2787,False
2788,False
2789,False
2790,False
2791,True
2792,False
2793,False
2794,False
2795,False
2796,False
2797,True
2798,True
2799,False
2800,False
2801,True
2802,False
2803,False
2804,False
2805,True
2806,True
2807,True
2808,True
2809,False
2810,True
2811,False
2812,False
2813,True
2814,True
2815,False
2816,False
2817,True
2818,True
2819,False
2820,False
2821,True
2822,True
2823,True
2824,False
2825,False
2826,False
2827,False
2828,False
2829,True
2830,True
2831,True
2832,False
2833,True
2834,False
2835,False
2836,False
2837,True
2838,False
2839,False
2840,True
2841,False
2842,False
2843,True
2844,True
2845,True
2846,True
2847,True
2848,True
2849,True
2850,False
2851,True
2852,True
2853,False
2854,False
2855,True
2856,True
2857,False
2858,True
2859,True
2860,True
2861,True
2862,False
2863,True
2864,True
2865,True
2866,True
2867,True
2868,True
2869,True
2870,True
2871,True
2872,True
2873,False
2874,True
2875,False
2876,False
2877,False
2878,True
2879,False
2880,False
2881,True
2882,True
2883,False
2884,False
2885,False
2886,True
2887,True
2888,True
2889,True
2890,True
2891,True
2892,False
2893,True
2894,True
2895,False
2896,False
2897,False
2898,False
2899,False
2900,True
2901,True
2902,False
2903,True
2904,False
2905,True
2906,True
2907,False
2908,False
2909,True
2910,False
2911,False
2912,True
2913,True
2914,True
2915,True
2916,False
2917,False
2918,True
2919,True
2920,True
2921,True
2922,False
2923,False
2924,False
2925,True
2926,False
2927,False
2928,False
2929,False
2930,False
2931,False
2932,False
2933,False
2934,False
2935,False
2936,True
2937,False
2938,False
2939,True
2940,False
2941,False
2942,True
2943,False
2944,False
2945,False
2946,True
2947,True
2948,True
2949,False
2950,False
2951,False
2952,True
2953,True
2954,True
2955,False
2956,False
2957,True
2958,False
2959,False
2960,True
2961,False
2962,False
2963,True
2964,False
2965,True
2966,False
2967,True
2968,False
2969,False
2970,False
2971,False
2972,True
2973,False
2974,True
2975,True
2976,False
2977,False
2978,False
2979,False
2980,False
2981,True
2982,True
2983,True
2984,True
2985,False
2986,True
2987,True
2988,True
2989,False
2990,True
2991,True
2992,True
2993,True
2994,True
2995,False
2996,False
2997,False
2998,False
2999,False
3000,False
3001,False
3002,True
3003,False
3004,True
3005,True
3006,True
3007,True
3008,True
3009,False
3010,False
3011,False
3012,False
3013,True
3014,False
3015,False
3016,True
3017,True
3018,False
3019,False
3020,True
3021,True
3022,False
3023,False
3024,False
3025,False
3026,True
3027,False
3028,True
3029,False
3030,False
3031,False
3032,True
3033,True
3034,False
3035,False
3036,False
3037,False
3038,False
3039,False
3040,False
3041,False
3042,False
3043,True
3044,False
3045,True
3046,False
3047,True
3048,False
3049,True
3050,False
3051,False
3052,True
3053,False
3054,False
3055,False
3056,True
3057,False
3058,False
3059,True
3060,False
3061,True
3062,False
3063,False
3064,True
3065,False
3066,False
3067,True
3068,False
3069,True
3070,False
3071,False
3072,False
3073,True
3074,True
3075,True
3076,True
3077,False
3078,False
3079,False
3080,False
3081,False
3082,False
3083,False
3084,False
3085,False
3086,True
3087,False
3088,True
3089,True
3090,True
3091,False
3092,True
3093,False
3094,True
3095,True
3096,True
3097,False
3098,True
3099,False
3100,False
3101,True
3102,False
3103,True
3104,False
3105,True
3106,True
3107,True
3108,False
3109,False
3110,True
3111,True
3112,False
3113,True
3114,False
3115,False
3116,False
3117,False
3118,True
3119,True
3120,False
3121,False
3122,True
3123,True
3124,True
3125,False
3126,False
3127,False
3128,False
3129,False
3130,False
3131,True
3132,True
3133,True
3134,True
3135,True
3136,True
3137,False
3138,False
3139,True
3140,False
3141,True
3142,True
3143,True
3144,False
3145,True
3146,False
3147,False
3148,True
3149,False
3150,False
3151,False
3152,True
3153,False
3154,True
3155,True
3156,True
3157,False
3158,True
3159,True
3160,True
3161,True
3162,True
3163,True
3164,True
3165,True
3166,False
3167,False
3168,True
3169,True
3170,True
3171,False
3172,True
3173,False
3174,False
3175,True
3176,False
3177,True
3178,False
3179,False
3180,False
3181,False
3182,True
3183,False
3184,True
3185,False
3186,False
3187,True
3188,True
3189,True
3190,True
3191,False
3192,False
3193,True
3194,True
3195,True
3196,False
3197,False
3198,False
3199,True
3200,False
3201,False
3202,True
3203,True
3204,False
3205,False
3206,False
3207,True
3208,False
3209,False
3210,True
3211,True
3212,False
3213,False
3214,False
3215,False
3216,False
3217,False
3218,True
3219,False
3220,False
3221,False
3222,False
3223,False
3224,True
3225,False
3226,True
3227,True
3228,True
3229,True
3230,True
3231,True
3232,True
3233,True
3234,True
3235,True
3236,True
3237,False
3238,False
3239,True
3240,False
3241,False
3242,False
3243,True
3244,True
3245,False
3246,False
3247,True
3248,False
3249,False
3250,False
3251,True
3252,False
3253,False
3254,False
3255,False
3256,False
3257,False
3258,False
3259,False
3260,False
3261,False
3262,False
3263,False
3264,False
3265,True
3266,False
3267,False
3268,False
3269,False
3270,False
3271,False
3272,True
3273,True
3274,False
3275,True
3276,False
3277,False
3278,False
3279,False
3280,False
3281,False
3282,False
3283,True
3284,False
3285,False
3286,False
3287,False
3288,True
3289,True
3290,True
3291,False
3292,True
3293,False
3294,True
3295,False
3296,False
3297,False
3298,False
3299,True
3300,False
3301,True
3302,True
3303,False
3304,True
3305,True
3306,False
3307,False
3308,False
3309,True
3310,False
3311,False
3312,False
3313,True
3314,False
3315,False
3316,False
3317,False
3318,False
3319,True
3320,False
3321,True
3322,False
3323,False
3324,False
3325,False
3326,False
3327,False
3328,False
3329,False
3330,True
3331,True
3332,False
3333,False
3334,False
3335,False
3336,False
3337,True
3338,True
3339,False
3340,True
3341,False
3342,False
3343,True
3344,True
3345,False
3346,True
3347,True
3348,False
3349,True
3350,True
3351,True
3352,True
3353,True
3354,False
3355,False
3356,False
3357,True
3358,False
3359,False
3360,False
3361,False
3362,True
3363,False
3364,False
3365,True
3366,False
3367,False
3368,True
3369,True
3370,True
3371,True
3372,True
3373,True
3374,True
3375,True
3376,False
3377,False
3378,True
3379,False
3380,True
3381,False
3382,True
3383,False
3384,False
3385,False
3386,True
3387,True
3388,False
3389,True
3390,False
3391,False
3392,False
3393,False
3394,True
3395,True
3396,True
3397,False
3398,False
3399,False
3400,False
3401,True
3402,False
3403,True
3404,False
3405,True
3406,True
3407,True
3408,True
3409,True
3410,True
3411,True
3412,True
3413,False
3414,True
3415,True
3416,True
3417,True
3418,True
3419,False
3420,True
3421,True
3422,True
3423,True
3424,False
3425,False
3426,True
3427,True
3428,False
3429,True
3430,True
3431,True
3432,True
3433,False
3434,True
3435,False
3436,True
3437,True
3438,False
3439,False
3440,False
3441,False
3442,False
3443,False
3444,False
3445,False
3446,False
3447,False
3448,False
3449,True
3450,False
3451,False
3452,True
3453,True
3454,True
3455,True
3456,True
3457,True
3458,False
3459,False
3460,True
3461,False
3462,True
3463,True
3464,True
3465,True
3466,False
3467,True
3468,True
3469,False
3470,False
3471,True
3472,True
3473,False
3474,True
3475,False
3476,False
3477,True
3478,True
3479,True
3480,True
3481,False
3482,False
3483,False
3484,False
3485,False
3486,False
3487,False
3488,True
3489,True
3490,True
3491,False
3492,True
3493,False
3494,False
3495,True
3496,True
3497,True
3498,True
3499,True
3500,False
3501,True
3502,True
3503,True
3504,True
3505,True
3506,True
3507,False
3508,False
3509,True
3510,True
3511,False
3512,True
3513,True
3514,False
3515,True
3516,False
3517,True
3518,False
3519,False
3520,False
3521,False
3522,False
3523,True
3524,False
3525,False
3526,True
3527,False
3528,True
3529,True
3530,True
3531,False
3532,False
3533,True
3534,False
3535,False
3536,True
3537,True
3538,True
3539,False
3540,False
3541,False
3542,False
3543,False
3544,False
3545,True
3546,True
3547,False
3548,False
3549,True
3550,True
3551,False
3552,False
3553,False
3554,True
3555,True
3556,False
3557,False
3558,False
3559,True
3560,True
3561,True
3562,False
3563,True
3564,False
3565,False
3566,False
3567,False
3568,False
3569,True
3570,True
3571,False
3572,False
3573,False
3574,False
3575,False
3576,True
3577,False
3578,True
3579,True
3580,True
3581,True
3582,True
3583,False
3584,False
3585,False
3586,False
3587,True
3588,False
3589,False
3590,False
3591,True
3592,False
3593,False
3594,False
3595,False
3596,False
3597,False
3598,False
3599,False
3600,False
3601,True
3602,False
3603,False
3604,True
3605,True
3606,True
3607,True
3608,False
3609,False
3610,True
3611,True
3612,True
3613,True
3614,True
3615,True
3616,True
3617,True
3618,True
3619,True
3620,True
3621,True
3622,True
3623,False
3624,False
3625,True
3626,False
3627,True
3628,True
3629,True
3630,False
3631,True
3632,True
3633,True
3634,True
3635,False
3636,False
3637,True
3638,False
3639,False
3640,False
3641,False
3642,False
3643,False
3644,True
3645,False
3646,True
3647,False
3648,False
3649,False
3650,False
3651,False
3652,False
3653,False
3654,False
3655,True
3656,True
3657,True
3658,False
3659,True
3660,False
3661,True
3662,True
3663,True
3664,True
3665,True
3666,True
3667,True
3668,False
3669,False
3670,True
3671,False
3672,False
3673,False
3674,True
3675,False
3676,False
3677,True
3678,True
3679,False
3680,False
3681,False
3682,True
3683,False
3684,False
3685,False
3686,True
3687,True
3688,False
3689,False
3690,True
3691,True
3692,True
3693,True
3694,True
3695,True
3696,False
3697,False
3698,False
3699,False
3700,True
3701,True
3702,False
3703,True
3704,False
3705,True
3706,False
3707,False
3708,True
3709,True
3710,True
3711,False
3712,False
3713,False
3714,False
3715,False
3716,False
3717,False
3718,False
3719,False
3720,True
3721,True
3722,False
3723,False
3724,False
3725,True
3726,False
3727,False
3728,False
3729,False
3730,False
3731,False
3732,True
3733,False
3734,True
3735,True
3736,False
3737,True
3738,True
3739,True
3740,True
3741,True
3742,False
3743,True
3744,True
3745,True
3746,True
3747,True
3748,False
3749,False
3750,False
3751,True
3752,True
3753,True
3754,False
3755,False
3756,True
3757,False
3758,True
3759,False
3760,True
3761,False
3762,False
3763,False
3764,True
3765,False
3766,True
3767,True
3768,False
3769,False
3770,False
3771,False
3772,False
3773,True
3774,True
3775,True
3776,True
3777,True
3778,False
3779,False
3780,False
3781,True
3782,False
3783,False
3784,False
3785,False
3786,False
3787,False
3788,True
3789,False
3790,False
3791,False
3792,True
3793,False
3794,False
3795,True
3796,False
3797,False
3798,False
3799,False
3800,False
3801,False
3802,True
3803,False
3804,False
3805,False
3806,True
3807,True
3808,False
3809,False
3810,False
3811,True
3812,False
3813,False
3814,True
3815,True
3816,False
3817,False
3818,False
3819,False
3820,True
3821,False
3822,False
3823,False
3824,True
3825,True
3826,True
3827,False
3828,False
3829,False
3830,True
3831,True
3832,False
3833,False
3834,True
3835,False
3836,False
3837,False
3838,False
3839,True
3840,False
3841,True
3842,True
3843,False
3844,True
3845,True
3846,False
3847,False
3848,False
3849,False
3850,False
3851,True
3852,True
3853,True
3854,False
3855,True
3856,False
3857,True
3858,False
3859,True
3860,True
3861,True
3862,True
3863,False
3864,True
3865,False
3866,True
3867,False
3868,False
3869,False
3870,False
3871,False
3872,False
3873,False
3874,False
3875,False
3876,False
3877,False
3878,False
3879,False
3880,False
3881,False
3882,False
3883,False
3884,False
3885,True
3886,True
3887,True
3888,True
3889,True
3890,True
3891,True
3892,True
3893,False
3894,False
3895,False
3896,False
3897,False
3898,False
3899,True
3900,False
3901,True
3902,True
3903,True
3904,True
3905,False
3906,True
3907,False
3908,False
3909,True
3910,True
3911,False
3912,False
3913,True
3914,False
3915,False
3916,False
3917,False
3918,False
3919,False
3920,False
3921,False
3922,False
3923,False
3924,True
3925,False
3926,False
3927,True
3928,False
3929,False
3930,True
3931,False
3932,False
3933,False
3934,False
3935,False
3936,False
3937,False
3938,False
3939,False
3940,False
3941,False
3942,True
3943,True
3944,False
3945,True
3946,False
3947,False
3948,False
3949,False
3950,True
3951,False
3952,False
3953,False
3954,False
3955,False
3956,False
3957,True
3958,False
3959,False
3960,False
3961,True
3962,True
3963,False
3964,True
3965,False
3966,False
3967,True
3968,False
3969,True
3970,False
3971,True
3972,False
3973,False
3974,False
3975,False
3976,False
3977,True
3978,False
3979,False
3980,True
3981,False
3982,False
3983,False
3984,False
3985,False
3986,False
3987,False
3988,False
3989,False
3990,False
3991,False
3992,False
3993,True
3994,False
3995,False
3996,False
3997,False
3998,False
3999,True
4000,False
4001,False
4002,False
4003,True
4004,False
4005,False
4006,False
4007,True
4008,False
4009,False
4010,False
4011,False
4012,True
4013,True
4014,False
4015,True
4016,False
4017,False
4018,False
4019,True
4020,False
4021,True
4022,True
4023,True
4024,True
4025,True
4026,False
4027,False
4028,False
4029,True
4030,True
4031,True
4032,False
4033,False
4034,True
4035,True
4036,False
4037,True
4038,False
4039,True
4040,False
4041,False
4042,False
4043,False
4044,False
4045,False
4046,False
4047,True
4048,True
4049,False
4050,False
4051,False
4052,False
4053,True
4054,False
4055,False
4056,False
4057,False
4058,False
4059,False
4060,True
4061,True
4062,True
4063,False
4064,False
4065,True
4066,True
4067,True
4068,False
4069,False
4070,False
4071,False
4072,True
4073,False
4074,True
4075,False
4076,True
4077,False
4078,False
4079,False
4080,True
4081,True
4082,False
4083,False
4084,False
4085,False
4086,False
4087,False
4088,False
4089,False
4090,False
4091,False
4092,True
4093,False
4094,False
4095,True
4096,False
4097,True
4098,False
4099,False
4100,False
4101,False
4102,False
4103,True
4104,True
4105,False
4106,False
4107,False
4108,True
4109,False
4110,False
4111,True
4112,False
4113,True
4114,False
4115,True
4116,False
4117,False
4118,True
4119,False
4120,False
4121,True
4122,True
4123,True
4124,False
4125,False
4126,False
4127,False
4128,False
4129,False
4130,True
4131,False
4132,False
4133,False
4134,False
4135,False
4136,False
4137,False
4138,True
4139,True
4140,False
4141,False
4142,False
4143,False
4144,True
4145,False
4146,False
4147,False
4148,False
4149,True
4150,False
4151,True
4152,True
4153,True
4154,False
4155,True
4156,False
4157,False
4158,False
4159,True
4160,False
4161,False
4162,False
4163,False
4164,False
4165,True
4166,False
4167,False
4168,False
4169,True
4170,False
4171,False
4172,False
4173,False
4174,False
4175,True
4176,False
4177,False
4178,False
4179,False
4180,False
4181,False
4182,False
4183,False
4184,False
4185,False
4186,True
4187,True
4188,False
4189,False
4190,True
4191,False
4192,True
4193,False
4194,True
4195,True
4196,False
4197,False
4198,True
4199,False
4200,False
4201,False
4202,False
4203,True
4204,True
4205,False
4206,False
4207,False
4208,False
4209,False
4210,True
4211,True
4212,False
4213,False
4214,False
4215,False
4216,False
4217,True
4218,False
4219,False
4220,True
4221,True
4222,True
4223,False
4224,False
4225,True
4226,False
4227,True
4228,True
4229,True
4230,False
4231,True
4232,False
4233,False
4234,False
4235,False
4236,True
4237,False
4238,True
4239,True
4240,True
4241,False
4242,False
4243,True
4244,True
4245,False
4246,False
4247,False
4248,False
4249,True
4250,True
4251,False
4252,False
4253,True
4254,True
4255,True
4256,False
4257,True
4258,False
4259,False
4260,False
4261,False
4262,True
4263,False
4264,False
4265,True
4266,False
4267,True
4268,False
4269,False
4270,True
4271,False
4272,False
4273,True
4274,False
4275,False
4276,False
4277,False
4278,True
4279,True
4280,False
4281,False
4282,False
4283,False
4284,False
4285,False
4286,False
4287,False
4288,True
4289,False
4290,True
4291,False
4292,False
4293,False
4294,True
4295,False
4296,True
4297,False
4298,False
4299,False
4300,True
4301,True
4302,False
4303,False
4304,True
4305,False
4306,False
4307,True
4308,True
4309,False
4310,True
4311,True
4312,False
4313,True
4314,False
4315,False
4316,True
4317,True
4318,False
4319,True
4320,True
4321,True
4322,False
4323,True
4324,True
4325,True
4326,False
4327,True
4328,True
4329,True
4330,False
4331,False
4332,False
4333,False
4334,False
4335,False
4336,True
4337,False
4338,False
4339,True
4340,False
4341,True
4342,False
4343,True
4344,False
4345,True
4346,False
4347,False
4348,False
4349,True
4350,False
4351,False
4352,False
4353,False
4354,True
4355,False
4356,True
4357,False
4358,False
4359,False
4360,False
4361,False
4362,False
4363,True
4364,False
4365,False
4366,True
4367,True
4368,False
4369,True
4370,True
4371,True
4372,False
4373,False
4374,True
4375,False
4376,False
4377,False
4378,True
4379,False
4380,False
4381,False
4382,False
4383,True
4384,True
4385,False
4386,True
4387,True
4388,False
4389,False
4390,False
4391,False
4392,False
4393,True
4394,False
4395,True
4396,False
4397,True
4398,False
4399,False
4400,False
4401,False
4402,True
4403,False
4404,False
4405,True
4406,True
4407,False
4408,True
4409,False
4410,False
4411,True
4412,False
4413,False
4414,False
4415,True
4416,True
4417,False
4418,False
4419,False
4420,True
4421,False
4422,True
4423,False
4424,False
4425,False
4426,False
4427,True
4428,True
4429,False
4430,False
4431,False
4432,False
4433,True
4434,False
4435,False
4436,False
4437,False
4438,True
4439,False
4440,False
4441,False
4442,True
4443,False
4444,False
4445,False
4446,False
4447,False
4448,True
4449,False
4450,False
4451,False
4452,True
4453,False
4454,True
4455,True
4456,True
4457,True
4458,False
4459,False
4460,False
4461,False
4462,False
4463,True
4464,True
4465,False
4466,True
4467,True
4468,False
4469,False
4470,True
4471,True
4472,False
4473,False
4474,True
4475,True
4476,False
4477,True
4478,True
4479,False
4480,True
4481,False
4482,False
4483,False
4484,False
4485,False
4486,True
4487,False
4488,True
4489,False
4490,False
4491,False
4492,False
4493,False
4494,True
4495,False
4496,True
4497,False
4498,False
4499,False
4500,True
4501,False
4502,True
4503,False
4504,False
4505,False
4506,False
4507,True
4508,True
4509,False
4510,True
4511,True
4512,False
4513,False
4514,False
4515,True
4516,True
4517,False
4518,False
4519,True
4520,True
4521,False
4522,False
4523,False
4524,False
4525,False
4526,False
4527,False
4528,False
4529,True
4530,False
4531,True
4532,False
4533,False
4534,False
4535,False
4536,False
4537,True
4538,False
4539,False
4540,False
4541,False
4542,True
4543,True
4544,False
4545,False
4546,True
4547,True
4548,True
4549,False
4550,False
4551,False
4552,False
4553,True
4554,False
4555,True
4556,False
4557,True
4558,False
4559,False
4560,False
4561,False
4562,False
4563,False
4564,False
4565,False
4566,False
4567,True
4568,False
4569,False
4570,True
4571,False
4572,False
4573,True
4574,True
4575,False
4576,False
4577,False
4578,False
4579,False
4580,False
4581,False
4582,False
4583,False
4584,True
4585,True
4586,False
4587,True
4588,False
4589,False
4590,False
4591,False
4592,True
4593,True
4594,False
4595,False
4596,False
4597,True
4598,False
4599,False
4600,False
4601,True
4602,True
4603,True
4604,True
4605,False
4606,False
4607,True
4608,False
4609,False
4610,True
4611,True
4612,False
4613,False
4614,False
4615,False
4616,False
4617,False
4618,False
4619,False
4620,False
4621,True
4622,True
4623,False
4624,False
4625,True
4626,False
4627,True
4628,False
4629,True
4630,False
4631,False
4632,False
4633,False
4634,False
4635,False
4636,True
4637,False
4638,False
4639,True
4640,False
4641,True
4642,True
4643,True
4644,False
4645,False
4646,False
4647,False
4648,False
4649,False
4650,False
4651,True
4652,True
4653,False
4654,False
4655,True
4656,False
4657,True
4658,True
4659,False
4660,True
4661,False
4662,False
4663,False
4664,True
4665,False
4666,True
4667,False
4668,False
4669,False
4670,False
4671,True
4672,True
4673,False
4674,True
4675,False
4676,False
4677,False
4678,False
4679,True
4680,True
4681,True
4682,False
4683,True
4684,True
4685,True
4686,True
4687,True
4688,True
4689,False
4690,True
4691,True
4692,False
4693,False
4694,False
4695,False
4696,False
4697,False
4698,False
4699,True
4700,False
4701,False
4702,True
4703,False
4704,False
4705,False
4706,True
4707,False
4708,True
4709,False
4710,False
4711,False
4712,False
4713,True
4714,True
4715,True
4716,False
4717,False
4718,False
4719,False
4720,False
4721,False
4722,False
4723,False
4724,False
4725,False
4726,True
4727,False
4728,False
4729,True
4730,False
4731,True
4732,True
4733,True
4734,False
4735,False
4736,False
4737,False
4738,True
4739,False
4740,True
4741,True
4742,False
4743,True
4744,False
4745,True
4746,True
4747,False
4748,True
4749,False
4750,False
4751,False
4752,False
4753,False
4754,False
4755,False
4756,False
4757,False
4758,False
4759,False
4760,True
4761,True
4762,False
4763,False
4764,True
4765,False
4766,False
4767,False
4768,True
4769,True
4770,False
4771,False
4772,False
4773,True
4774,True
4775,True
4776,False
4777,False
4778,False
4779,False
4780,True
4781,False
4782,False
4783,False
4784,False
4785,False
4786,False
4787,False
4788,True
4789,False
4790,True
4791,False
4792,True
4793,False
4794,True
4795,False
4796,False
4797,True
4798,False
4799,False
4800,False
4801,False
4802,False
4803,False
4804,False
4805,False
4806,True
4807,True
4808,True
4809,False
4810,False
4811,False
4812,False
4813,False
4814,False
4815,True
4816,False
4817,True
4818,False
4819,True
4820,False
4821,True
4822,True
4823,False
4824,True
4825,True
4826,False
4827,True
4828,True
4829,True
4830,False
4831,False
4832,True
4833,False
4834,False
4835,True
4836,False
4837,False
4838,False
4839,False
4840,True
4841,True
4842,True
4843,True
4844,True
4845,True
4846,True
4847,False
4848,True
4849,False
4850,False
4851,False
4852,False
4853,False
4854,False
4855,False
4856,False
4857,False
4858,True
4859,False
4860,True
4861,False
4862,False
4863,False
4864,False
4865,False
4866,False
4867,False
4868,True
4869,True
4870,False
4871,False
4872,True
4873,False
4874,False
4875,False
4876,True
4877,True
4878,False
4879,False
4880,False
4881,False
4882,True
4883,True
4884,True
4885,False
4886,False
4887,False
4888,True
4889,True
4890,True
4891,True
4892,False
4893,False
4894,True
4895,True
4896,False
4897,False
4898,False
4899,True
4900,False
4901,True
4902,True
4903,False
4904,False
4905,False
4906,False
4907,False
4908,True
4909,True
4910,False
4911,False
4912,False
4913,False
4914,True
4915,False
4916,False
4917,False
4918,False
4919,False
4920,True
4921,False
4922,False
4923,False
4924,True
4925,False
4926,False
4927,False
4928,True
4929,False
4930,False
4931,False
4932,True
4933,True
4934,False
4935,False
4936,False
4937,False
4938,False
4939,False
4940,True
4941,False
4942,False
4943,True
4944,True
4945,False
4946,True
4947,False
4948,False
4949,False
4950,False
4951,False
4952,False
4953,True
4954,False
4955,False
4956,False
4957,False
4958,True
4959,False
4960,False
4961,True
4962,False
4963,True
4964,False
4965,True
4966,True
4967,False
4968,True
4969,False
4970,False
4971,False
4972,False
4973,False
4974,True
4975,False
4976,False
4977,False
4978,True
4979,True
4980,True
4981,True
4982,False
4983,True
4984,False
4985,False
4986,False
4987,False
4988,True
4989,True
4990,True
4991,False
4992,False
4993,False
4994,True
4995,False
4996,False
4997,False
4998,False
4999,False
5000,False
5001,True
5002,True
5003,True
5004,False
5005,False
5006,False
5007,False
5008,False
5009,False
5010,False
5011,False
5012,False
5013,True
5014,False
5015,False
5016,False
5017,False
5018,True
5019,False
5020,False
5021,False
5022,True
5023,False
5024,False
5025,False
5026,True
5027,False
5028,False
5029,False
5030,False
5031,False
5032,False
5033,True
5034,False
5035,True
5036,False
5037,False
5038,False
5039,False
5040,True
5041,False
5042,True
5043,False
5044,False
5045,True
5046,True
5047,False
5048,True
5049,True
5050,False
5051,False
5052,True
5053,False
5054,False
5055,False
5056,False
5057,True
5058,True
5059,False
5060,False
5061,False
5062,True
5063,False
5064,False
5065,False
5066,True
5067,False
5068,False
5069,False
5070,False
5071,False
5072,True
5073,False
5074,False
5075,False
5076,False
5077,True
5078,True
5079,False
5080,False
5081,False
5082,True
5083,True
5084,False
5085,True
5086,True
5087,False
5088,False
5089,True
5090,False
5091,True
5092,False
5093,False
5094,False
5095,True
5096,True
5097,False
5098,False
5099,False
5100,True
5101,False
5102,True
5103,False
5104,False
5105,False
5106,False
5107,False
5108,True
5109,False
5110,False
5111,False
5112,False
5113,False
5114,False
5115,True
5116,False
5117,False
5118,False
5119,False
5120,False
5121,False
5122,True
5123,False
5124,False
5125,False
5126,False
5127,False
5128,False
5129,False
5130,True
5131,False
5132,False
5133,False
5134,True
5135,False
5136,False
5137,False
5138,False
5139,False
5140,False
5141,False
5142,True
5143,False
5144,False
5145,False
5146,False
5147,False
5148,False
5149,True
5150,False
5151,False
5152,True
5153,True
5154,False
5155,False
5156,False
5157,False
5158,False
5159,False
5160,False
5161,True
5162,True
5163,False
5164,False
5165,True
5166,False
5167,False
5168,False
5169,False
5170,False
5171,True
5172,True
5173,False
5174,False
5175,True
5176,True
5177,False
5178,False
5179,True
5180,True
5181,True
5182,True
5183,False
5184,False
5185,False
5186,True
5187,True
5188,True
5189,False
5190,True
5191,False
5192,False
5193,False
5194,True
5195,False
5196,True
5197,False
5198,False
5199,True
5200,True
5201,False
5202,False
5203,False
5204,False
5205,False
5206,False
5207,False
5208,False
5209,True
5210,True
5211,True
5212,True
5213,False
5214,False
5215,True
5216,False
5217,False
5218,False
5219,True
5220,True
5221,True
5222,False
5223,False
5224,True
5225,False
5226,False
5227,False
5228,False
5229,False
5230,False
5231,False
5232,False
5233,False
5234,False
5235,False
5236,False
5237,True
5238,False
5239,False
5240,False
5241,False
5242,False
5243,False
5244,False
5245,True
5246,True
5247,True
5248,True
5249,True
5250,True
5251,True
5252,False
5253,False
5254,True
5255,True
5256,False
5257,False
5258,False
5259,False
5260,True
5261,True
5262,True
5263,True
5264,False
5265,False
5266,True
5267,True
5268,True
5269,True
5270,False
5271,False
5272,False
5273,False
5274,False
5275,False
5276,False
5277,True
5278,False
5279,True
5280,False
5281,True
5282,True
5283,False
5284,False
5285,False
5286,True
5287,True
5288,False
5289,False
5290,False
5291,False
5292,False
5293,False
5294,False
5295,True
5296,False
5297,False
5298,False
5299,False
5300,False
5301,False
5302,False
5303,False
5304,False
5305,False
5306,False
5307,False
5308,True
5309,False
5310,False
5311,True
5312,False
5313,False
5314,False
5315,True
5316,True
5317,True
5318,False
5319,False
5320,True
5321,False
5322,True
5323,False
5324,False
5325,True
5326,False
5327,False
5328,False
5329,False
5330,True
5331,False
5332,False
5333,True
5334,False
5335,False
5336,False
5337,False
5338,False
5339,False
5340,False
5341,True
5342,False
5343,True
5344,False
5345,False
5346,False
5347,False
5348,False
5349,False
5350,False
5351,False
5352,True
5353,False
5354,True
5355,False
5356,False
5357,False
5358,False
5359,False
5360,False
5361,True
5362,False
5363,False
5364,True
5365,False
5366,False
5367,False
5368,False
5369,False
5370,False
5371,False
5372,False
5373,True
5374,True
5375,False
5376,True
5377,True
5378,False
5379,False
5380,False
5381,False
5382,False
5383,True
5384,False
5385,False
5386,False
5387,True
5388,False
5389,False
5390,False
5391,False
5392,True
5393,False
5394,False
5395,False
5396,True
5397,True
5398,False
5399,False
5400,False
5401,True
5402,False
5403,True
5404,True
5405,True
5406,False
5407,False
5408,True
5409,True
5410,True
5411,True
5412,True
5413,True
5414,True
5415,False
5416,False
5417,False
5418,False
5419,False
5420,False
5421,False
5422,True
5423,False
5424,False
5425,False
5426,False
5427,True
5428,True
5429,True
5430,True
5431,False
5432,False
5433,False
5434,True
5435,False
5436,False
5437,False
5438,True
5439,True
5440,False
5441,False
5442,False
5443,False
5444,True
5445,False
5446,False
5447,False
5448,True
5449,True
5450,True
5451,False
5452,True
5453,False
5454,False
5455,False
5456,False
5457,False
5458,False
5459,False
5460,False
5461,True
5462,True
5463,False
5464,True
5465,True
5466,False
5467,False
5468,False
5469,True
5470,True
5471,True
5472,True
5473,True
5474,True
5475,True
5476,True
5477,False
5478,False
5479,False
5480,True
5481,False
5482,True
5483,False
5484,False
5485,False
5486,False
5487,True
5488,False
5489,False
5490,True
5491,False
5492,False
5493,True
5494,False
5495,False
5496,True
5497,True
5498,True
5499,True
5500,False
5501,True
5502,True
5503,True
5504,False
5505,True
5506,False
5507,False
5508,False
5509,False
5510,False
5511,False
5512,False
5513,False
5514,False
5515,False
5516,False
5517,True
5518,True
5519,False
5520,False
5521,False
5522,False
5523,False
5524,False
5525,False
5526,False
5527,False
5528,False
5529,True
5530,False
5531,False
5532,False
5533,False
5534,False
5535,True
5536,True
5537,True
5538,False
5539,True
5540,False
5541,True
5542,False
5543,False
5544,False
5545,False
5546,True
5547,False
5548,True
5549,True
5550,False
5551,False
5552,False
5553,False
5554,False
5555,False
5556,False
5557,True
5558,False
5559,True
5560,False
5561,True
5562,True
5563,False
5564,False
5565,False
5566,True
5567,False
5568,False
5569,False
5570,True
5571,True
5572,True
5573,False
5574,False
5575,True
5576,True
5577,True
5578,True
5579,True
5580,True
5581,False
5582,False
5583,True
5584,False
5585,False
5586,False
5587,True
5588,True
5589,True
5590,False
5591,False
5592,False
5593,True
5594,True
5595,True
5596,False
5597,False
5598,False
5599,True
5600,False
5601,False
5602,True
5603,False
5604,False
5605,False
5606,False
5607,False
5608,False
5609,False
5610,True
5611,False
5612,True
5613,True
5614,True
5615,False
5616,False
5617,False
5618,False
5619,False
5620,True
5621,True
5622,False
5623,False
5624,False
5625,False
5626,True
5627,True
5628,False
5629,True
5630,True
5631,True
5632,True
5633,False
5634,True
5635,False
5636,True
5637,False
5638,True
5639,False
5640,False
5641,True
5642,True
5643,False
5644,False
5645,True
5646,False
5647,False
5648,True
5649,False
5650,False
5651,False
5652,False
5653,False
5654,False
5655,True
5656,False
5657,True
5658,True
5659,False
5660,False
5661,True
5662,False
5663,True
5664,True
5665,False
5666,False
5667,False
5668,True
5669,False
5670,True
5671,False
5672,False
5673,False
5674,False
5675,False
5676,False
5677,False
5678,True
5679,True
5680,True
5681,False
5682,False
5683,False
5684,False
5685,False
5686,False
5687,True
5688,True
5689,True
5690,False
5691,False
5692,True
5693,True
5694,False
5695,False
5696,False
5697,False
5698,False
5699,False
5700,False
5701,False
5702,True
5703,False
5704,False
5705,False
5706,False
5707,False
5708,True
5709,False
5710,False
5711,True
5712,False
5713,False
5714,False
5715,False
5716,False
5717,False
5718,False
5719,True
5720,False
5721,False
5722,False
5723,True
5724,True
5725,False
5726,True
5727,True
5728,False
5729,True
5730,False
5731,False
5732,False
5733,False
5734,True
5735,False
5736,False
5737,True
5738,True
5739,False
5740,False
5741,False
5742,False
5743,False
5744,False
5745,False
5746,False
5747,True
5748,True
5749,False
5750,False
5751,False
5752,False
5753,False
5754,False
5755,False
5756,False
5757,False
5758,True
5759,False
5760,False
5761,True
5762,False
5763,False
5764,False
5765,True
5766,False
5767,False
5768,True
5769,False
5770,False
5771,False
5772,True
5773,False
5774,False
5775,False
5776,True
5777,False
5778,False
5779,False
5780,False
5781,False
5782,True
5783,True
5784,False
5785,False
5786,False
5787,True
5788,False
5789,True
5790,True
5791,False
5792,True
5793,True
5794,True
5795,False
5796,False
5797,False
5798,False
5799,True
5800,False
5801,True
5802,True
5803,False
5804,False
5805,False
5806,True
5807,True
5808,False
5809,False
5810,False
5811,True
5812,False
5813,False
5814,False
5815,False
5816,True
5817,False
5818,False
5819,True
5820,False
5821,True
5822,True
5823,False
5824,False
5825,False
5826,False
5827,False
5828,False
5829,True
5830,False
5831,True
5832,True
5833,False
5834,False
5835,True
5836,True
5837,False
5838,True
5839,False
5840,True
5841,True
5842,True
5843,False
5844,False
5845,False
5846,True
5847,True
5848,False
5849,True
5850,True
5851,True
5852,True
5853,False
5854,False
5855,True
5856,False
5857,False
5858,True
5859,False
5860,True
5861,False
5862,False
5863,False
5864,False
5865,False
5866,True
5867,False
5868,False
5869,True
5870,True
5871,False
5872,True
5873,False
5874,True
5875,False
5876,False
5877,False
5878,False
5879,True
5880,False
5881,False
5882,False
5883,True
5884,False
5885,True
5886,False
5887,False
5888,False
5889,False
5890,True
5891,False
5892,False
5893,True
5894,False
5895,False
5896,False
5897,False
5898,False
5899,False
5900,False
5901,False
5902,False
5903,False
5904,False
5905,False
5906,False
5907,False
5908,True
5909,False
5910,False
5911,False
5912,False
5913,True
5914,True
5915,False
5916,False
5917,True
5918,False
5919,False
5920,False
5921,False
5922,False
5923,False
5924,False
5925,True
5926,True
5927,True
5928,True
5929,False
5930,False
5931,False
5932,True
5933,False
5934,True
5935,True
5936,False
5937,False
5938,False
5939,False
5940,False
5941,False
5942,False
5943,False
5944,False
5945,False
5946,False
5947,False
5948,False
5949,False
5950,True
5951,False
5952,False
5953,False
5954,False
5955,True
5956,False
5957,False
5958,False
5959,True
5960,False
5961,True
5962,True
5963,True
5964,False
5965,False
5966,False
5967,False
5968,False
5969,False
5970,True
5971,False
5972,False
5973,False
5974,False
5975,False
5976,False
5977,False
5978,False
5979,False
5980,False
5981,False
5982,False
5983,False
5984,False
5985,True
5986,True
5987,True
5988,False
5989,False
5990,True
5991,False
5992,False
5993,False
5994,False
5995,False
5996,False
5997,False
5998,False
5999,False
6000,True
6001,False
6002,False
6003,False
6004,True
6005,False
6006,False
6007,False
6008,True
6009,False
6010,False
6011,True
6012,False
6013,False
6014,False
6015,False
6016,False
6017,True
6018,False
6019,False
6020,False
6021,False
6022,False
6023,False
6024,False
6025,False
6026,True
6027,True
6028,False
6029,False
6030,True
6031,True
6032,True
6033,False
6034,True
6035,False
6036,False
6037,False
6038,True
6039,True
6040,False
6041,False
6042,False
6043,True
6044,True
6045,True
6046,True
6047,False
6048,False
6049,True
6050,False
6051,False
6052,False
6053,True
6054,False
6055,False
6056,True
6057,False
6058,False
6059,False
6060,False
6061,False
6062,False
6063,False
6064,True
6065,False
6066,False
6067,False
6068,False
6069,False
6070,False
6071,False
6072,False
6073,False
6074,True
6075,False
6076,False
6077,True
6078,True
6079,True
6080,True
6081,False
6082,False
6083,False
6084,False
6085,True
6086,False
6087,False
6088,True
6089,False
6090,False
6091,False
6092,False
6093,False
6094,False
6095,False
6096,False
6097,False
6098,True
6099,True
6100,False
6101,False
6102,False
6103,False
6104,True
6105,True
6106,False
6107,False
6108,False
6109,True
6110,False
6111,False
6112,False
6113,False
6114,False
6115,False
6116,False
6117,False
6118,False
6119,False
6120,False
6121,False
6122,False
6123,False
6124,False
6125,False
6126,False
6127,False
6128,False
6129,False
6130,False
6131,False
6132,False
6133,False
6134,False
6135,False
6136,False
6137,False
6138,False
6139,True
6140,False
6141,False
6142,False
6143,True
6144,True
6145,False
6146,False
6147,False
6148,False
6149,True
6150,False
6151,False
6152,True
6153,True
6154,True
6155,True
6156,True
6157,False
6158,False
6159,False
6160,True
6161,False
6162,False
6163,False
6164,False
6165,False
6166,False
6167,False
6168,False
6169,False
6170,False
6171,False
6172,False
6173,False
6174,False
6175,False
6176,False
6177,False
6178,False
6179,False
6180,False
6181,False
6182,False
6183,True
6184,False
6185,True
6186,True
6187,True
6188,False
6189,False
6190,False
6191,True
6192,False
6193,False
6194,True
6195,False
6196,True
6197,True
6198,False
6199,True
6200,False
6201,False
6202,False
6203,False
6204,True
6205,False
6206,False
6207,True
6208,False
6209,False
6210,False
6211,True
6212,False
6213,True
6214,True
6215,False
6216,True
6217,True
6218,True
6219,False
6220,True
6221,True
6222,False
6223,True
6224,False
6225,False
6226,False
6227,False
6228,False
6229,False
6230,True
6231,True
6232,True
6233,True
6234,True
6235,False
6236,False
6237,True
6238,True
6239,False
6240,False
6241,False
6242,False
6243,False
6244,False
6245,False
6246,False
6247,False
6248,False
6249,False
6250,False
6251,True
6252,True
6253,False
6254,False
6255,False
6256,True
6257,False
6258,False
6259,False
6260,True
6261,False
6262,False
6263,False
6264,False
6265,False
6266,True
6267,True
6268,True
6269,False
6270,False
6271,False
6272,True
6273,False
6274,False
6275,True
6276,False
6277,False
6278,False
6279,False
6280,False
6281,False
6282,False
6283,True
6284,True
6285,True
6286,False
6287,True
6288,False
6289,True
6290,True
6291,True
6292,False
6293,False
6294,True
6295,True
6296,True
6297,False
6298,True
6299,True
6300,True
6301,False
6302,True
6303,True
6304,False
6305,False
6306,False
6307,False
6308,True
6309,False
6310,False
6311,True
6312,False
6313,False
6314,False
6315,True
6316,False
6317,False
6318,True
6319,False
6320,False
6321,False
6322,False
6323,False
6324,True
6325,False
6326,True
6327,False
6328,False
6329,True
6330,False
6331,False
6332,True
6333,False
6334,False
6335,False
6336,False
6337,False
6338,False
6339,True
6340,False
6341,False
6342,False
6343,False
6344,True
6345,False
6346,False
6347,False
6348,True
6349,True
6350,False
6351,False
6352,False
6353,True
6354,False
6355,False
6356,False
6357,True
6358,False
6359,False
6360,False
6361,False
6362,False
6363,True
6364,False
6365,False
6366,False
6367,True
6368,True
6369,True
6370,True
6371,False
6372,False
6373,True
6374,False
6375,False
6376,True
6377,True
6378,False
6379,True
6380,False
6381,True
6382,False
6383,False
6384,True
6385,False
6386,True
6387,False
6388,False
6389,False
6390,True
6391,False
6392,False
6393,False
6394,False
6395,True
6396,False
6397,False
6398,False
6399,False
6400,False
6401,False
6402,True
6403,False
6404,False
6405,False
6406,False
6407,False
6408,True
6409,False
6410,False
6411,True
6412,True
6413,True
6414,False
6415,False
6416,True
6417,False
6418,True
6419,False
6420,False
6421,True
6422,True
6423,False
6424,True
6425,True
6426,False
6427,False
6428,False
6429,False
6430,False
6431,False
6432,False
6433,False
6434,False
6435,False
6436,False
6437,False
6438,False
6439,False
6440,True
6441,False
6442,False
6443,True
6444,False
6445,False
6446,False
6447,True
6448,False
6449,False
6450,True
6451,False
6452,False
6453,False
6454,False
6455,False
6456,False
6457,True
6458,True
6459,True
6460,True
6461,False
6462,False
6463,False
6464,False
6465,True
6466,True
6467,False
6468,True
6469,False
6470,False
6471,True
6472,True
6473,True
6474,True
6475,True
6476,True
6477,True
6478,True
6479,False
6480,False
6481,True
6482,False
6483,False
6484,True
6485,True
6486,False
6487,False
6488,False
6489,False
6490,False
6491,False
6492,False
6493,False
6494,False
6495,True
6496,False
6497,False
6498,False
6499,False
6500,True
6501,True
6502,True
6503,True
6504,True
6505,False
6506,False
6507,False
6508,False
6509,False
6510,False
6511,True
6512,True
6513,True
6514,True
6515,True
6516,False
6517,True
6518,True
6519,False
6520,False
6521,False
6522,True
6523,False
6524,True
6525,False
6526,False
6527,True
6528,True
6529,False
6530,True
6531,False
6532,True
6533,False
6534,True
6535,False
6536,False
6537,True
6538,True
6539,False
6540,True
6541,False
6542,False
6543,True
6544,False
6545,False
6546,False
6547,False
6548,False
6549,True
6550,False
6551,True
6552,False
6553,True
6554,False
6555,True
6556,False
6557,False
6558,False
6559,False
6560,False
6561,False
6562,False
6563,False
6564,True
6565,False
6566,False
6567,True
6568,False
6569,True
6570,False
6571,False
6572,False
6573,True
6574,True
6575,True
6576,False
6577,True
6578,False
6579,False
6580,False
6581,False
6582,False
6583,False
6584,False
6585,False
6586,True
6587,False
6588,False
6589,False
6590,False
6591,False
6592,False
6593,False
6594,False
6595,False
6596,False
6597,False
6598,False
6599,False
6600,False
6601,False
6602,False
6603,False
6604,False
6605,False
6606,False
6607,False
6608,True
6609,True
6610,True
6611,False
6612,False
6613,False
6614,False
6615,True
6616,True
6617,True
6618,False
6619,False
6620,True
6621,True
6622,True
6623,True
6624,True
6625,True
6626,True
6627,True
6628,True
6629,True
6630,True
6631,True
6632,False
6633,False
6634,False
6635,False
6636,False
6637,False
6638,False
6639,False
6640,False
6641,False
6642,False
6643,False
6644,False
6645,True
6646,False
6647,False
6648,True
6649,False
6650,False
6651,False
6652,False
6653,False
6654,True
6655,False
6656,False
6657,False
6658,False
6659,False
6660,False
6661,False
6662,True
6663,False
6664,False
6665,True
6666,False
6667,True
6668,False
6669,True
6670,False
6671,True
6672,False
6673,True
6674,True
6675,False
6676,False
6677,False
6678,False
6679,True
6680,False
6681,False
6682,False
6683,True
6684,True
6685,False
6686,True
6687,False
6688,False
6689,True
6690,False
6691,False
6692,False
6693,False
6694,False
6695,False
6696,False
6697,False
6698,False
6699,False
6700,False
6701,False
6702,False
6703,False
6704,False
6705,False
6706,False
6707,False
6708,False
6709,False
6710,False
6711,False
6712,False
6713,False
6714,False
6715,False
6716,False
6717,False
6718,False
6719,True
6720,False
6721,False
6722,True
6723,True
6724,True
6725,False
6726,True
6727,False
6728,False
6729,False
6730,True
6731,False
6732,False
6733,False
6734,False
6735,False
6736,False
6737,False
6738,True
6739,False
6740,False
6741,False
6742,False
6743,False
6744,False
6745,False
6746,True
6747,True
6748,True
6749,False
6750,False
6751,False
6752,False
6753,False
6754,False
6755,False
6756,False
6757,False
6758,False
6759,False
6760,True
6761,True
6762,False
6763,False
6764,False
6765,False
6766,False
6767,False
6768,False
6769,False
6770,False
6771,False
6772,True
6773,False
6774,True
6775,False
6776,False
6777,False
6778,True
6779,False
6780,False
6781,False
6782,False
6783,False
6784,False
6785,False
6786,False
6787,False
6788,False
6789,False
6790,True
6791,False
6792,False
6793,True
6794,True
6795,True
6796,False
6797,False
6798,False
6799,False
6800,False
6801,False
6802,False
6803,False
6804,False
6805,False
6806,False
6807,False
6808,False
6809,False
6810,False
6811,False
6812,True
6813,False
6814,False
6815,False
6816,True
6817,False
6818,True
6819,True
6820,False
6821,True
6822,False
6823,True
6824,True
6825,False
6826,False
6827,False
6828,True
6829,True
6830,True
6831,False
6832,False
6833,False
6834,True
6835,False
6836,True
6837,False
6838,True
6839,False
6840,True
6841,True
6842,True
6843,False
6844,True
6845,True
6846,False
6847,False
6848,False
6849,False
6850,False
6851,False
6852,False
6853,False
6854,False
6855,False
6856,False
6857,False
6858,False
6859,False
6860,True
6861,False
6862,False
6863,False
6864,False
6865,False
6866,False
6867,False
6868,False
6869,False
6870,False
6871,False
6872,False
6873,True
6874,True
6875,True
6876,True
6877,True
6878,False
6879,False
6880,False
6881,False
6882,False
6883,False
6884,False
6885,False
6886,True
6887,False
6888,False
6889,False
6890,True
6891,False
6892,False
6893,True
6894,False
6895,False
6896,False
6897,False
6898,True
6899,False
6900,False
6901,False
6902,False
6903,False
6904,True
6905,True
6906,False
6907,False
6908,False
6909,False
6910,False
6911,True
6912,False
6913,True
6914,False
6915,False
6916,False
6917,True
6918,True
6919,False
6920,False
6921,False
6922,False
6923,True
6924,False
6925,False
6926,False
6927,False
6928,False
6929,False
6930,False
6931,True
6932,False
6933,False
6934,False
6935,False
